{
	"easycom": {
		"^u-(.*)": "uview-ui/components/u-$1/u-$1.vue"
	},
	"pages": [{
		"path": "pages/tabBar/index",
		"style": {
			"navigationBarTitleText": "首页",
			"navigationBarBackgroundColor": "#ffffff",
			"navigationBarTextStyle": "black",
			"navigationStyle": "custom"
		}
	}, {
		"path": "pages/tabBar/guize",
		"style": {
			"navigationBarTitleText": "玩法规则",
			"navigationBarBackgroundColor": "#ffffff",
			"navigationBarTextStyle": "black"
		}
	}, {
		"path": "pages/tabBar/shop",
		"style": {
			"navigationBarTitleText": "兑换商城",
			"navigationBarBackgroundColor": "#ffffff",
			"navigationBarTextStyle": "black"
		}
	}],
	"subPackages": [{
			"root": "pages/index",
			"pages": [{
				"path": "jifenguize",
				"style": {
					"navigationBarTitleText": "积分规则",
					"navigationBarBackgroundColor": "#f9edd1",
					"navigationBarTextStyle": "black"
				}
			}, {
				"path": "fenxiang",
				"style": {
					"navigationStyle": "custom"
				}
			}]
		},
		{
			"root": "pages/order",
			"pages": [{
				"path": "tijiaodingdan",
				"style": {
					"navigationBarTitleText": "提交订单",
					"navigationBarBackgroundColor": "#ffffff",
					"navigationBarTextStyle": "black"
				}
			}, {
				"path": "tiquchenggong",
				"style": {
					"navigationBarTitleText": "提取成功",
					"navigationBarBackgroundColor": "#ffffff",
					"navigationBarTextStyle": "black"
				}
			}, {
				"path": "goumaichenggong",
				"style": {
					"navigationBarTitleText": "购买成功",
					"navigationBarBackgroundColor": "#ffffff",
					"navigationBarTextStyle": "black"
				}
			}, {
				"path": "zhihuanchenggong",
				"style": {
					"navigationBarTitleText": "置换成功",
					"navigationBarBackgroundColor": "#ffffff",
					"navigationBarTextStyle": "black"
				}
			}, {
				"path": "wuliu",
				"style": {
					"navigationBarTitleText": "物流信息",
					"navigationBarBackgroundColor": "#ffffff",
					"navigationBarTextStyle": "black"
				}
			}]
		},
		{
			"root": "pages/shop",
			"pages": [{
				"path": "shangpinxiangqin",
				"style": {
					"navigationStyle": "custom"
				}
			}]
		},
		{
			"root": "pages/user",
			"pages": [
				// {
				// 	"path": "qianbao/qianbao",
				// 	"style": {
				// 		"navigationStyle": "custom",
				// 		"enablePullDownRefresh": true
				// 	}
				// },
				{
					"path": "shounahe/shounahe",
					"style": {
						"navigationStyle": "custom"
					}
				},
				{
					"path": "address/index",
					"style": {
						"navigationBarTitleText": "地址管理",
						"navigationBarBackgroundColor": "#ffffff",
						"navigationBarTextStyle": "black"
					}
				},
				{
					"path": "address/tianjiadizhi",
					"style": {
						"navigationBarTitleText": "添加收货地址",
						"navigationBarBackgroundColor": "#ffffff",
						"navigationBarTextStyle": "black"
					}
				}
			]
		}
	],
	"globalStyle": {
		"navigationBarTextStyle": "black",
		"navigationBarTitleText": "盲盒",
		"navigationBarBackgroundColor": "#ffffff",
		"backgroundColor": "#FFFFFF"
	}
}
